review,sentiment,product,rating
"This product is absolutely amazing! The quality is outstanding and it exceeded all my expectations. I would definitely recommend it to anyone looking for a reliable solution.",positive,Wireless Headphones,5
"Terrible quality. The product broke after just one week of use. Complete waste of money. I'm very disappointed with this purchase.",negative,Bluetooth Speaker,1
"The product is okay. It does what it's supposed to do but nothing extraordinary. Average quality for the price point.",neutral,Phone Case,3
"Love this item! Great value for money and excellent customer service. The delivery was fast and the packaging was perfect.",positive,Laptop Stand,5
"Poor build quality and doesn't work as advertised. The features mentioned in the description don't actually work properly.",negative,Smart Watch,2
"Decent product overall. Some minor issues but generally satisfied with the purchase. Could be better but it's acceptable.",neutral,Wireless Mouse,3
"Outstanding product! This has made my life so much easier. The design is sleek and the functionality is perfect.",positive,Coffee Maker,5
"Not worth the money. The product feels cheap and flimsy. I expected much better quality for this price range.",negative,Phone Charger,2
"It's an average product. Nothing special but it gets the job done. The price is reasonable for what you get.",neutral,USB Cable,3
"Excellent quality and fast shipping! The product works exactly as described and I'm very happy with my purchase.",positive,Keyboard,5
"The worst purchase I've ever made. The product arrived damaged and customer service was unhelpful. Avoid at all costs.",negative,Tablet Case,1
"Good product with some room for improvement. The main features work well but there are some minor inconveniences.",neutral,Power Bank,4
"This is exactly what I was looking for! Perfect fit, great quality, and reasonable price. Highly recommended!",positive,Screen Protector,5
"Disappointing experience. The product doesn't match the description and the quality is subpar. Would not buy again.",negative,Car Mount,2
"Satisfactory product. It works as expected but there's nothing that makes it stand out from similar products.",neutral,Cable Organizer,3
"Fantastic product! The build quality is excellent and it has all the features I need. Great value for money.",positive,Webcam,5
"Complete garbage. Stopped working after two days. The company should be ashamed of selling such poor quality products.",negative,Earbuds,1
"The product is fine for basic use. It's not the best but it's not the worst either. Does what it's supposed to do.",neutral,Phone Holder,3
"Amazing quality and design! This product has exceeded my expectations in every way. I couldn't be happier with it.",positive,Laptop Bag,5
"Very poor quality control. The product had defects right out of the box. Customer service was slow to respond.",negative,Monitor Stand,2
"It's an okay product. The functionality is there but the design could be better. Average experience overall.",neutral,Desk Lamp,3
"Incredible product! The attention to detail is remarkable and the performance is flawless. Worth every penny!",positive,Gaming Mouse,5
"Waste of time and money. The product is poorly designed and doesn't work properly. I regret this purchase.",negative,Wireless Charger,1
"Standard product that meets basic requirements. Nothing fancy but it does the job adequately for the price.",neutral,HDMI Cable,3
"Love everything about this product! The quality, design, and functionality are all top-notch. Highly recommend!",positive,Bluetooth Headphones,5
"Terrible customer experience. The product arrived late, was damaged, and the return process was a nightmare.",negative,Phone Screen,1
"The product works as advertised but there are better alternatives available. It's okay but not exceptional.",neutral,Car Charger,3
"Perfect product for my needs! Great build quality, easy to use, and excellent value. Very satisfied customer.",positive,Portable Speaker,5
"Poor quality materials and construction. The product feels cheap and I don't expect it to last very long.",negative,Phone Ring,2
"Decent product with average performance. It's not bad but there's definitely room for improvement in design.",neutral,Laptop Cooler,3
"This product is a game-changer! Excellent quality, innovative design, and outstanding performance. Love it!",positive,Wireless Keyboard,5
"Completely useless product. It doesn't work as described and the build quality is absolutely terrible.",negative,USB Hub,1
"The product is acceptable for the price. It has some good features but also some limitations. Mixed feelings.",neutral,Memory Card,3
"Exceptional product quality! Everything about this purchase has been perfect. Fast shipping and great packaging too.",positive,External Drive,5
"Very disappointed with this purchase. The product quality is poor and it doesn't meet the advertised specifications.",negative,Webcam Cover,2
"It's a functional product that serves its purpose. Not particularly impressive but it gets the job done reliably.",neutral,Cable Clips,3
"Outstanding value for money! This product has all the features I need and the quality is better than expected.",positive,Tablet Stand,5
"Horrible experience from start to finish. Poor product quality, bad customer service, and slow delivery.",negative,Phone Grip,1
"The product is adequate for basic needs. It's not the best option available but it's reasonably priced.",neutral,Screen Cleaner,3
"Absolutely love this product! The design is beautiful, the quality is excellent, and it works perfectly.",positive,Wireless Adapter,5
"Don't waste your money on this. The product is poorly made and breaks easily. Very unsatisfied customer.",negative,Phone Stand,2
"It's an average product that does what it's supposed to do. Nothing more, nothing less. Meets expectations.",neutral,USB Adapter,3
"This is the best purchase I've made in a long time! Excellent quality, great features, and perfect performance.",positive,Bluetooth Mouse,5
"Terrible product with many defects. The quality control is non-existent and the customer support is unhelpful.",negative,Charging Cable,1
"The product is okay for occasional use. It's not built for heavy usage but it's fine for light tasks.",neutral,Card Reader,3
"Fantastic product that delivers on all promises! Great build quality, excellent performance, and good value.",positive,Power Strip,5
"Very poor quality and doesn't work as advertised. I'm returning this product and looking for alternatives.",negative,Wall Mount,2
"Standard product with basic functionality. It works but there are better options available in the market.",neutral,Cable Tester,3
"Excellent product with superior quality! Everything about this purchase has been perfect. Highly recommended!",positive,Surge Protector,5
"Complete disappointment. The product arrived broken and the replacement process was complicated and slow.",negative,Extension Cord,1
"The product meets basic requirements but lacks advanced features. It's okay for simple tasks but limited.",neutral,Multi-tool,3
"Amazing product that has transformed my workflow! Excellent design, great functionality, and outstanding quality.",positive,Docking Station,5
"Poor construction and materials. The product feels flimsy and I don't trust it to last more than a few months.",negative,Phone Lens,2
